{
    "acc": 0.99685,
    "precision": 0.97069,
    "recall": 0.97884,
    "f1_score": 0.98713
}
